"Naam,Linkedin,""(P)oliticus, (J)ournalist, (S)pin, (B)estuurder, (O)verig"",,Man/vrouw,Functie,Organisatie/aandachtsgebied,Twitter"
"Agnes Mulder,,p,CDA,v,""Tweede Kamerlid"",,http://twitter.com/AgnesMulderCDA"
"Agnes Wolbert,,p,PvdA,v,""Tweede Kamerlid"",,http://twitter.com/agneswolbert"
"Ahmed Marcouch,,p,PvdA,m,""Tweede Kamerlid"",,http://twitter.com/ahmedmarcouch"
"Albert de Vries,,p,PvdA,m,""Tweede Kamerlid"",,http://twitter.com/albvri"
"Alexander Bakker,http://www.linkedin.com/in/0alexanderbakker,j,,m,""politiek verslaggever"",""De Telegraaf"",http://twitter.com/alexanderbakker"
"Alexander Pechtold,http://www.linkedin.com/profile/view?id=38417923&authType=name&authToken=pl2H&locale=en_US&pvs=pp&trk=ppro_viewmore,p,D66,m,""Tweede Kamerlid"",,http://twitter.com/apechtold"
Algemene Rekenkamer,,o,,,,,http://twitter.com/rekenkamer
"Andre Bosman,http://www.linkedin.com/pub/andre-bosman/5/663/84b,p,VVD,m,""Tweede Kamerlid"",,http://twitter.com/andrebosman"
"Andries Knevel,http://www.linkedin.com/pub/andries-knevel/4/63b/933,j,,m,""EO"",,http://twitter.com/andriesgknevel"
"Angela de Jong,http://www.linkedin.com/profile/view?id=1006954&authType=NAME_SEARCH&authToken=yRk0&locale=en_US&srchid=9be76df9-40fa-465d-bc3e-5b62e0aa405f-0&srchindex=1&srchtotal=14&goback=%2Efps_PBCK_*1_Angela_De+Jong_*1_*1_*1_*1_*2_*1_Y_*1_*1_*1_false_1_R_true_*1_nl%3A0_*2_*2_*2_*2_*2_*2_*2_*2_*2_*2_*2_*2_*2_*2_*2_*2_*2_*2_*2&pvs=ps&trk=pp_profile_name_link,s,PvdA,v,persmedewerker,""PvdA Tweedekamerfractie"",http://twitter.com/angeladjong"
"Angelien Eijsink,,p,PvdA,v,""Tweede Kamerlid"",,http://twitter.com/EijsinkPvdA"
"Anne Mulder,,p,VVD,m,""Tweede Kamerlid"",,http://twitter.com/a_mulder"
"Annemarie Kas,http://www.linkedin.com/pub/annemarie-kas/b/21b/b1b,j,,v,""politiek verslaggever"",""NRC Handelsblad"",http://twitter.com/annemariekas"
"Annemarie Stordiau,http://www.linkedin.com/pub/anne-marie-stordiau/34/578/408,s,,v,Woordvoerder,""Ministerie v&j"",http://twitter.com/amstordiau"
"Anne-Wil Lucas,http://www.linkedin.com/pub/anne-wil-lucas/17/84b/a25,p,VVD,v,""Tweede Kamerlid"",,http://twitter.com/annewillucas"
"Anoushka Schut-Welkzijn,,p,VVD,v,""Tweede Kamerlid"",,http://twitter.com/AnoushkaSW"
"Ard van der Steur,http://www.linkedin.com/in/ardvandersteur,p,VVD,m,""Tweede Kamerlid"",,http://twitter.com/ardvandersteur"
"Arie Slob,,p,ChristenUnie,m,""Tweede Kamerlid"",,http://twitter.com/arieslob"
"Arno Rutte,,p,VVD,m,""Tweede Kamerlid"",,http://twitter.com/arnorutte"
"Arnold Merkies,,p,SP,m,""Tweede Kamerlid"",,http://twitter.com/amerkies"
"Arrie Vis,,p,CDA,m,""Landelijke voorzitter"",CDJA,http://twitter.com/arriejdvis"
"Astrid Oosenbrug-Blokland,,p,PvdA,v,""Tweede Kamerlid"",,http://twitter.com/AstridOosenbrug"
"Attje Kuiken,,p,PvdA,v,""Tweede Kamerlid"",,http://twitter.com/attjekuiken"
"Aukje de Vries,,p,VVD,v,""Tweede Kamerlid"",,http://twitter.com/aukjedevries"
"Bart de Liefde,http://www.linkedin.com/in/bartdeliefde,p,VVD,m,""Tweede Kamerlid"",,http://twitter.com/deliefde"
"Bart Dirks,http://www.linkedin.com/pub/bart-dirks/24/328/14,j,,m,""chef nieuws"",Volkskrant,http://twitter.com/bart_dirks"
"Bart Jan Spruyt,http://www.linkedin.com/pub/bart-jan-spruyt/7/140/759,j,,m,Columnist,""Dagelijkse Standaard"",http://twitter.com/bartjanspruyt"
"Bart Pierik,,s,Pvda,m,""Personal Assistant"", ""Staatssecretaris Mansveld"",http://twitter.com/bartpierik"
"Bart Visser,,s,,m,""Woordvoerder Minister Economische Zaken"",,http://twitter.com/B_Visser"
"Bas Heijne,http://www.linkedin.com/profile/view?id=46410257&authType=NAME_SEARCH&authToken=31Il&locale=en_US&srchid=a7427162-b8eb-4b73-952e-3dc60a4924b9-0&srchindex=1&srchtotal=5&goback=%2Efps_PBCK_*1_Bas_Heijne_*1_*1_*1_*1_*2_*1_Y_*1_*1_*1_false_1_R_true_*2_*2_*2_*2_*2_*2_*2_*2_*2_*2_*2_*2_*2_*2_*2_*2_*2_*2_*2_*2_*2&pvs=ps&trk=pp_profile_name_link,j,,m,columnist,""NRC Handelsblad"",http://twitter.com/bjheijne"
"Bas Paternotte,http://www.linkedin.com/in/baspaternotte,j,,m,journalist,""GeenStijl"",http://twitter.com/baspaternotte"
"Bas Taart,,j,,m,blogger,""Retecool"",http://twitter.com/bas_taart"
"Bas van 't Wout,,p,VVD,m,""Tweede Kamerlid"",,http://twitter.com/bvantwout"
"Ben Meindertsma,http://www.linkedin.com/pub/ben-meindertsma/1a/b4b/816,j,,m,""politiek verslaggever"",""De Vijfde Dag"",http://twitter.com/ben_meindertsma"
"Bert Heuvelman,http://www.linkedin.com/in/bertheuvelman,j,,m,samensteller,""Knevel & Van de Brink"",http://twitter.com/bertheuvelman"
"Bert Wagendorp,http://www.linkedin.com/profile/view?id=7107003&authType=name&authToken=_wbS&locale=en_US&pvs=pp&trk=ppro_viewmore,j,,m,""columnist"",  Volkskrant"",http://twitter.com/bertwagendorp"
"Bette Dam,http://www.linkedin.com/pub/bette-dam/4/484/b32,j,,v,""journalist Afghanistan"",zelfstandige,http://twitter.com/bettedam"
"Betty de Boer,http://www.linkedin.com/pub/betty-de-boer/a/b00/608,p,VVD,v,""Tweede Kamerlid"",,http://twitter.com/bgdeboer"
"Bram van Ojik,,p,Groenlinks,m,""Tweede Kamerlid"",,http://twitter.com/BramvanOjikGL"
"Brigitte van der Burg,http://www.linkedin.com/pub/brigitte-van-der-burg/8/4a/555,p,VVD,v,""Tweede Kamerlid"",,http://twitter.com/brigittevdb"
"Brusselmans,,j,,m,Blogger,""Geenstijl"",http://twitter.com/brusselmans"
Carel Kuyl,,j,,m,hoofdredacteur,Nieuwsuur,http://twitter.com/carelkuyl
"Carla Dik-Faber,,p,ChristenUnie,v,""Tweede Kamerlid"",,http://twitter.com/carladikfaber"
"Carlijn van Donselaar,,j,,v,""politiek verslaggever"" ,""Pownews"",http://twitter.com/cvandonselaar"
"Carola Schouten,,p,ChristenUnie,v,""Tweede Kamerlid"",,http://twitter.com/carolaschouten"
CDA,,o,,,,,http://twitter.com/cdavandaag
"Christel Kohlman,,s,Groenlinks,v,""Woordvoerder"",,https://twitter.com/ckohlmann"
ChristenUnie,,o,,,,,http://twitter.com/christenunie
"Cora van Nieuwenhuizen,,p,VVD,v,""Tweede Kamerlid"",,http://twitter.com/CvNieuwenhuizen"
D66,,o,,,,,http://twitter.com/d66
"Daan Bonenkamp,,s,D66,m,Woordvoerder""Fractievoorzitter D66"",,http://twitter.com/daanbonenkamp"
Defensiebond,,o,,,,,https://twitter.com/Defensiebond
"Desiree Bonis,,p,PvdA,v,""Tweede Kamerlid"",,http://twitter.com/dbonis"
"Diederik Samsom,,p,PvdA,m,""Tweede Kamerlid"",,http://twitter.com/diederiksamsom"
"Diederik ten Cate,,s,GroenLinks,m,""Woordvoerder"",,https://twitter.com/diederiktencate"
Diewke Wynia,,j,,v,eindredacteur, DWDD,http://twitter.com/dieuwkeWDD
"Dirk Jacob Nieuwboer,,j,,m,verslaggever,""De Volkskrant"",http://twitter.com/djnieuwboer"
DNB,,o,,,,,http://twitter.com/dnb_nl
"Dominique van der Heijde,,j,,v,""verslaggever"",""NOS"",http://twitter.com/dominiqueheyde"
"Duco Hoogland,,p,PvdA,m,""Tweede Kamerlid"",,http://twitter.com/ducohoogland"
"Eddy van Hijum,,p,CDA,m,""Tweede Kamerlid"",,http://twitter.com/vanhijum"
Eerste Kamer,,o,,,,,http://twitter.com/eerstekamer
"Elaine de Boer,,s,,V,""Woordvoerder Ministerie Binnenlandse Zaken"",,https://twitter.com/ElainedeBoer"
"Elbert Dijkgraaf,,p,SGP,m,""Tweede Kamerlid"",,http://twitter.com/elbertdijkgraaf"
Ellen Brans,,j,,v,verslaggever, Nieuwsuur,http://twitter.com/ellenbrans
Elsbeth Gruteke,,j,,v,presentator,EO,http://twitter.com/elsbethgruteke
"Emile Roemer,,p,SP,m,""Tweede Kamerlid"",,http://twitter.com/emileroemer"
"Eric de Vries,,j,,m,samensteller,""Pauw en Witteman"",https://twitter.com/erikdevriesdva"
"Erik Ziengs,,p,VVD,m,""Tweede Kamerlid"",,http://twitter.com/erikziengs"
"Erik van der walle,,j,,m,""politiek verslaggever"",NRC Handelsblad,http://twitter.com/erikvderwalle"
"Esther Ouwehand,,p,PvdD,v,""Tweede Kamerlid"",,http://twitter.com/estherouwehand"
"Eva Wiesing,,j,,v,""verslaggever economie"",NOS,http://twitter.com/evawiessing"
"Farshad Bashir,,p,SP,m,""Tweede Kamerlid"",,http://twitter.com/farshadbashir"
"Fleur Agema,,p,PVV,v,""Tweede Kamerlid"",,http://twitter.com/fleuragemapvv"
"Folkert Jensma,,j,,m,blogger,""NRC"",http://twitter.com/folkertjensma"
"Fons Lambie,,j,,m,""politiek verslaggever"",""RTL Nieuws"",http://twitter.com/fonslambie"
"Foort van Oosten,,p,VVD,m,""Tweede Kamerlid"",,http://twitter.com/foortvanoosten"
"Fouad Sidali,,j,,m,journalist,""VARA"",http://twitter.com/fouadsidali"
"Francisco van Jole,,j,,m,""eindredacteur"",""Joop.nl"",http://twitter.com/2525"
"Frank Poorthuis,,j,,m,hoofdredacteur,""HP/DeTijd"",http://twitter.com/frankpoorthuis"
"Freek Staps,,j,,m,journalist,""NRC Handelsblad"",http://twitter.com/freekstaps"
"Friso Fennema,,s,,m,Woordvoerder,""Minister Sociale Zaken"",http://twitter.com/frisofennema"
"Frits van Exter,,j,,m,hoofdredacteur,""Vrij Nederland"",http://twitter.com/fexter"
"Frits Wester,,j,,m,""parlementair verslaggever"",""RTL Nieuws"",http://twitter.com/fritswester"
"Geert Wilders,,p,PVV,m,""Tweede Kamerlid"",,http://twitter.com/geertwilderspvv"
"Gerard Beverdam,,j,,m,""parlementair verslaggever"",""Nederlands Dagblad"",http://twitter.com/gerardbeverdam"
"Gerard Schouw,,p,D66,m,""Tweede Kamerlid"",,http://twitter.com/GerardSchouwD66"
"Gert-Jan Segers,,p,ChristenUnie,m,""Tweede Kamerlid"",,http://twitter.com/gertjansegers"
"Grace Tanamal,,p,PvdA,v,""Tweede Kamerlid"",,http://twitter.com/GraceTanamal"
GroenLinks,,o,,,,,http://twitter.com/groenlinks
"Halbe Zijlstra,,p,VVD,m,Staatssecretaris,""onderwijs, cultuur, wetenschappen"",http://twitter.com/halbezijlstra"
"Hanke Bruins Slot,,p,CDA,v,""Tweede Kamerlid"",,http://twitter.com/BruinsSlotCDA"
"Han ten Boeke,,p,VVD,m,""Tweede Kamerlid"",,http://twitter.com/hantenbroeke"
Hanneke van der Werf,,s,D66,v,Woordvoerder,,http://twitter.com/hannekevdwerf
"Hans Andringa,,j,,m,""politiek verslaggever"",""NOS met het oog op morgen"",http://twitter.com/hansandringa"
"Hans Goslinga,,j,,m,""politiek commentator"",""Trouw"",http://twitter.com/hansgoslinga"
Hans van Baalen,,p,VVD,m,Europarlementarier,,http://twitter.com/hansvanbaalen
"Hans Verbeek,,j,,m,""parlementair verslaggever"",""BNR"",http://twitter.com/hverbeek"
"Harm Beertema,,p,PVV,m,""Tweede Kamerlid"",,http://twitter.com/harmbeertema"
"Harry van Bommel,,p,SP,m,""Tweede Kamerlid"",,http://twitter.com/harryvandesp"
"Heidi Wulfsen,,j,,v,""chef binnenland redactie"",""NOS"",http://twitter.com/heidiwulfsen"
"Helma Huizing,,j,,v,""parlementair verslaggever"",""RTL Nieuws"",http://twitter.com/HuizingRTL"
"Helma Lodders,,p,VVD,v,""Tweede Kamerlid"",,http://twitter.com/helmalodders"
"Helma Nepperus,,p,VVD,v,""Tweede Kamerlid"",,http://twitter.com/helmanepperus"
"Henk Krol,,p,50PLUS,m,""Tweede Kamerlid"",,http://twitter.com/HenkKrol"
"Henk Nijboer,,p,PvdA,m,""Tweede Kamerlid"",,http://twitter.com/henknijboer"
"Henk Schipperheijn,,j,,m,""parlementair verslaggever"",EenVandaag,http://twitter.com/henkschipperhei"
"Henk van der Kolk,,o,,m,voorzitter,""FNV Bondgenoten"",http://twitter.com/henkvanderkolk"
"Henk van Gerven,,p,SP,m,""Tweede Kamerlid"",,http://twitter.com/HenkvGerven"
"Henri Kruithof,,s,vvd,m,""Woordvoerder"",,http://twitter.com/henrikruithof"
"Herman Meijer,,j,,m,eindredacteur,""Pauw en Witteman"",http://twitter.com/hermanmeijer"
"Herman Staal,,j,,m,""eindredactie"",""NRC Handelsblad"",http://twitter.com/hermanstaal"
Herman van der Zandt,,j,,m,presentator,NOS,http://twitter.com/hermanvdzandt
Hester Assen,,s,PvdA,v,Campagnemedewerker,,http://twitter.com/hesterassen
Hilbert Bredemeijer,,s,CDA,m,persvoorlichter,,http://twitter.com/bredemeijer
Hugo Logtenberg,,j,,m,verslaggever,NRC,http://twitter.com/hugologtenberg
"Huub Bellemakers,,j,,m,blogger,""The Post Online"",http://twitter.com/huubbellemakers"
"Ingrid de Caluwe,,p,VVD,v,""Tweede Kamerlid"",,http://twitter.com/ingriddecaluwe"
"Ireen Oostveen,,j,,v,""politiek verslaggever"",NOS,http://twitter.com/ireenoostveen"
Jaap Folkerts,,s,,m,Woordvoerder,Rijkswaterstaat,http://twitter.com/jaapfolkerts
"Jaap Jansen,,j,,m,""parlementair verslaggever"",""Pauw en Witteman"",http://twitter.com/jaapjansen"
"Jaap Smit,,o,,m,""voorzitter"",CNV,http://twitter.com/jaapsmitcnv"
"Jacek Magala,,s,,m,""Woordvoerder Minister Blok"",,https://twitter.com/jacekmagala"
"Jaco Geurts,,p,CDA,m,""Tweede Kamerlid"",,http://twitter.com/JacoGeurts"
"Jacques Monasch,,p,PvdA,m,""Tweede Kamerlid"",,http://twitter.com/jacquesmonasch"
Jan de Jong,,j,,m,directeur,NOS,http://twitter.com/jandejong
"Jan Kleian,,b,,m,Voorzitter,""vakbond Acom"",http://twitter.com/jankleian"
"Jan Nagel,,p,50PLUS,m,""Eerste Kamerlid"",,http://twitter.com/jan_nagel"
Jan Reiff,,j,,m,verslaggever,Nieuwsuur,http://twitter.com/janreiff
"Jan Roos,,j,,m,""Echte jannen"",Powned,http://twitter.com/laviejanroos"
Jan Slagter,,j,,m,CEO,MAX,http://twitter.com/jan_slagter
"Jan 't Hart,,j,,m,""manager central newsdesk"",Volkskrant,http://twitter.com/janhart"
"Jan Vos,,p,PvdA,m,""Tweede Kamerlid"",,http://twitter.com/janvos_pvda"
"Jaqueline Eckman,,j,,v,""senior producer"",NOS,http://twitter.com/jacquelinenos"
"Jasper van Dijk,,p,SP,m,""Tweede Kamerlid"",,http://twitter.com/JaspervanDijkSP"
"Jean Fransman,,s,,m,voorlichter,ministerie van Veiligheid en Justitie"",http://twitter.com/jeanfransman"
"Jeanine Hennis,,p,VVD,v,minister""Defensie"",,http://twitter.com/jeaninehennis"
"Jelle Menges,,p,PvdA,m,,""Jonge Socialisten"",http://twitter.com/jellemenges"
"Jeroen Dijsselbloem,,p,PvdA,m,minister""Financien"",,http://twitter.com/J_Dijsselbloem"
"Jeroen Pauw,,o,,m,""Presentator"",""Pauw en Witteman"",https://twitter.com/JeroenPauw1"
"Jeroen Recourt,,p,PvdA,m,""Tweede Kamerlid"",,http://twitter.com/jeroenrecourt"
"Jeroen van Dommelen,,j,,m,""haagse reporter"",NOS,http://twitter.com/jeroenvdommelen"
"Jeroen Wester,,j,,m,""verslaggever"",NRC,http://twitter.com/jeroen_wester"
Jeroen Wollaars,,j,,m,verslaggever,NOS,http://twitter.com/wol
"Jesse Klaver,,p,GroenLinks,m,""Tweede Kamerlid"",,http://twitter.com/jesseklaver"
"Jetta Klijnsma,,p,PvdA,v,Staatssecretaris""Sociale Zaken en Werkgelegenheid"",,http://twitter.com/Jetta_Klijnsma"
"Joel Voordewind,,p,ChristenUnie,m,""Tweede Kamerlid"",,http://twitter.com/joelvoordewind"
Joeri Boom,,j,,m,correspondent,NRC,http://twitter.com/joeri__boom
Johan Houwers,,p,VVD,m,''Tweede Kamerlid'',,http://twitter.com/johanhouwers
"John Kerstens,,p,PvdA,m,""Tweede Kamerlid"",,http://twitter.com/johnkerstens"
Jolanda Polderman,,s,,v,GroenLinks,persvoorlichter,http://twitter.com/jo_pogroenlinks
Jonathan van der Geer,,s,ChristenUnie,m,woordvoerder,,http://twitter.com/jonathanvdgeer
Joost Eerdmans,,j,,m,presentator,WNL,http://twitter.com/eerdmans
"Joost Niemoller,,j,,m,""blogger, oud-journalist"",""Dagelijkse Standaard"",http://twitter.com/joostniemoller"
Joost Oranje,,j,,m,hoofdredacteur,Nieuwsuur,http://twitter.com/joostoranje
"Joost Taverne,,p,VVD,m,""Tweede Kamerlid"",,http://twitter.com/JoostTaverne"
"Joost Vullings,,j,,m,""politiek verslaggever"",NOS,http://twitter.com/joostvullings"
Joris Luyendijk,,j,,m,journalist,zelfstandige,http://twitter.com/jorisluyendijk
"Jorn Jongma,,o,PvdA,m,beleidsmedewerker,""Tweede Kamerfractie"",http://twitter.com/jornjongma"
"Jos Heymans,,j,,m,""Politiek Verslaggever"",""RTL Nieuws"",http://twitter.com/josheymans"
"Joshua Livestro,,j,,m,hoofdredacteur,""De Dagelijkse Standaard"",http://twitter.com/joshualivestro"
"Joyce Mooring,,o,,v,Persmedewerker,""FNV Bondgenoten"",http://twitter.com/joycemooring"
Judith Pennarts,,j,,v,verslaggever,Nieuwsuur,http://twitter.com/judithpennarts
"Karen Zandbergen,,j,,v,""Chef Politieke Redactie"",Trouw,https://twitter.com/KarenZandbergen"
"Karin Straus,,p,VVD,v,""Tweede Kamerlid"",,http://twitter.com/karinstraus"
"Karin van Eerde,,s,,v,""Woordvoerder Staatssecretaris OCW"",,http://twitter.com/Kaatje75"
"Kees van der Staaij,,p,SGP,m,""Tweede Kamerlid"",,http://twitter.com/keesvdstaaij"
"Kees Verhoeven,,p,D66,m,""Tweede Kamerlid"",,http://twitter.com/keesvee"
"Keklik Yucel,,p,PvdA,v,""Tweede Kamerlid"",,http://twitter.com/keklikyucel"
"Khadija Arib,,p,PVDA,v,""Tweede Kamerlid"",,http://twitter.com/khadijaArib"
KH Tweets,,o,,,,,http://twitter.com/khtweets
"Kijkcijfers,,o,,,,""Stichting Kijkonderzoek"",http://twitter.com/kijkcijfers"
"Kim Putters,,o,,m,voorzitter,""Sociaal Cultureel Planbureau"",http://twitter.com/kimputters"
"Kim van Keken,,j,,v,""onderzoeksjournalist"",Brandpunt,http://twitter.com/kimvankeken"
"Klaas Broekhuize,,j,,m,""politiek verslaggever"",FD,http://twitter.com/klaasbroekhuize"
"Klaas Dijkhoff,,p,VVD,m,""Tweede Kamerlid"",,http://twitter.com/dijkhoff"
Klaas Knot,,b,,m,Directeur,DNB,http://twitter.com/klaasknot
"Kustaw Bessems,,j,,m,""Chef Vonk"",""De Volkskrant"",http://twitter.com/kustawbessems"
Lara Rense,,j,,v,radiopresentator,NOS,http://twitter.com/laradio
"Laura Huisman,,s,vvd,v,""Woordvoerder"",,https://twitter.com/LauraHuisman"
"Laurens Verhagen,,j,,m,""hoofdredacteur"",""Volkskrant.nl"",http://twitter.com/laurensvhg"
"Lea Bouwmeester,,p,PvdA,v,""Tweede Kamerlid"",,http://twitter.com/leabouwmeester"
"Leon Willems,,j,,m,""parlementair verslaggever"",FD,http://twitter.com/leon_willems"
"Lex Oomkes,,j,,m,""politiek commentator"",Trouw,http://twitter.com/lex_oomkes"
"Liesbeth van Tongeren,,p,GroenLinks,v,""Tweede Kamerlid"",,http://twitter.com/groenliesbeth"
"Lilian Helder,,p,PVV,v,""Tweede Kamerlid"",,http://twitter.com/lilianhelderpvv"
"Linda Voortman,,p,GroenLinks,v,""Tweede Kamerlid"",,http://twitter.com/lindavoortman"
"Lisa Westerveld,,s,,v,voorlichter,""AOB"",http://twitter.com/lisawesterveld"
"Lodewijk Asscher,,p,PvdA,m,""vice-ministerpredident"" minister ""Sociale Zaken en werkgelegenheid"",,http://twitter.com/lodewijkA"
"Loes Ypma,,p,PvdA,v,""Tweede Kamerlid"",,http://twitter.com/Loesypma"
"Lotte Ragut,,j,,v,""politiek verslaggever"",""RTL Nieuws"",http://twitter.com/lotteragut"
"Lucas Benschop,,j,,m,""politiek verslaggever"",NU.nl,http://twitter.com/lucasbenschop"
"Lutz Jacobi,,p,PvdA,v,""Tweede Kamerlid"",,http://twitter.com/lutzjacobi"
"Maarten Prinsen,,b,,m,""manager beleidscommissies overheid"",,http://twitter.com/maartenprinsen"
"Machiel de Graaf,,p,PVV,m,""Tweede Kamerlid"",,http://twitter.com/graafdemachiel"
"Madeleine van Toorenburg,,p,CDA,v,""Tweede Kamerlid"",,http://twitter.com/mvantoorenburg"
"Magda Berndsen,,p,D66,v,""Tweede Kamerlid"",,http://twitter.com/magdaberndsen"
"Malik Azmani,,p,VVD,m,""Tweede Kamerlid"",,http://twitter.com/MalikAzmani"
"Manon Fokke,,p,PvdA,v,""Tweede Kamerlid"",,http://twitter.com/manonfokke"
Marc Hamer,,j,,m,verslaggever,NOS,http://twitter.com/marchamer
"Marcel Bril,,j,,m,""Politiek Verslaggever"",NOS,http://twitter.com/marcelbril"
"Marcel Gelauff,,j,,m,""hoofdredacteur NOS Nieuws"",NOS,http://twitter.com/marcelgelauff"
Marcel van Beusekom,,p,,m,woordvoerder,Financien,http://twitter.com/marcelvbeusekom
"Marcia Luyten,,j,,v,""publicist en presentator"",Buitenhof,http://twitter.com/luyte"
"Marcia Nieuwenhuis,,j,,v,onderzoeksjournalist,""Algemeen Dagblad"",http://twitter.com/m_nieuwenhuis"
"Margeet van Beem,,j,,v,""politiek verslaggever"",""Algemeen Dagblad"",http://twitter.com/margreetvanbeem"
"Margreeth Boer,,j,,v,""politiek verslaggever"",NOS,http://twitter.com/margreethboer"
"Marianne Thieme,,p,PvdD,v,""Tweede Kamerlid"",,http://twitter.com/mariannethieme"
"Marieke de Vries,,j,,v,""China correspondent"",NOS,http://twitter.com/mariekenos"
"Mariette Hamer,,p,PvdA,v,""Tweede Kamerlid"",,http://twitter.com/mariettehamer"
"Marit Maij,,p,PvdA,v,""Tweede Kamerlid"",,http://twitter.com/MaritMaij"
"Marja Sol,,j,,v,""parlementair verslaggever"",EenVandaag,http://twitter.com/marjasol"
"Martin van Rijn,,p,PvdA,m,Staatssecretaris""Volksgezondheid Welzijn en Sport "",,http://twitter.com/mjrijn"
"Mark Harbers,,p,VVD,m,""Tweede Kamerlid"",,http://twitter.com/markharbers"
Mark Rutte,,p,VVD,m,premier,algemeen,http://twitter.com/minpres
"Mark Verheijen,,p,VVD,m,''Tweede Kamerlid"",,http://twitter.com/markverheijen1"
Marloes Metaal,,s,CDA,v,persvoorlichter,,http://twitter.com/marloesmetaal
"Martijn van Dam,,p,PvdA,m,""Tweede Kamerlid"",,http://twitter.com/martijnvdam"
"Martin Bosma,,p,PVV,m,""Tweede Kamerlid"",,http://twitter.com/martinbosmapvv"
Martine Wolzak,,j,,v,verslaggever,FD,http://twitter.com/wolzak
"Mary Fiers,,p,PvdA,v,""wethouder Eindhoven"",,http://twitter.com/wethouderfiers"
"Mathijs Bouman,,j,,m,econoom,""RTL Z"",http://twitter.com/mathijsbouman"
"Matthijs Huizing,,p,VVD,m,""Tweede Kamerlid"",,http://twitter.com/matthijshuizing"
Maurice de Hond,,s,,m,opiniepeiler,,http://twitter.com/mauricedehond
"Mei li Vos,,p,PvdA,v,""Tweede Kamerlid"",,http://twitter.com/meilivos"
Menno de Bruyne,,s,SGP,m,voorlichter,,http://twitter.com/mennodebruyne
"Menno Tamminga,,j,,m,""redacteur"",""NRC Handelsblad"",http://twitter.com/menno_tamminga"
"Michel Rog,,p,CDA,m,""Tweede Kamerlid"",,http://twitter.com/michelrog"
"Michiel Breedveld,,j,,m,""politiek verslaggever"",NOS,http://twitter.com/mbreedveld"
"Michiel Servaes,,p,PvdA,m,""Tweede Kamerlid"",,http://twitter.com/michielservaes"
"Michiel van Veen,,p,VVD,m,""Tweede Kamerlid"",,http://twitter.com/MichielvanVeen"
Ministerie van Algemene Zaken,,o,,,,,http://twitter.com/algemenezaken
Ministerie van Binnenlandse Zaken,,o,,,,,http://twitter.com/minbzk
Ministerie van Buitenlandse Zaken,,o,,,,,https://twitter.com/minbuza
Ministerie van Defensie,,o,,,,,http://twitter.com/defensie
Ministerie van Economische Zaken en Landbouw,,o,,,,,http://twitter.com/minez
Ministerie van Financien,,o,,,,,http://twitter.com/financien
Ministerie van Infrastructuur en Milieu,,o,,,,,http://twitter.com/Min_IenM
Ministerie van Sociale Zaken en werkgelegenheid,,o,,,,,http://twitter.com/MinisterieSZW
Ministerie van Onderwijs Cultuur en Wetenschappen,,o,,,,,http://twitter.com/minocw
Ministerie van Veiligheid en Justitie,,o,,,,,http://twitter.com/minv_j
Ministerie van Volksgezondheid,,o,,,,,http://twitter.com/minvws
MinPres,,o,,,,,http://twitter.com/minpres
Miriam La Valette,,j,,v,verslaggever,Nieuwsuur,http://twitter.com/miriamlavalette
"Mona Keijzer,,p,CDA,v,""Tweede Kamerlid"",,http://twitter.com/MonaKeijzer"
"Myrthe Hilkens,,p,PvdA,v,""Tweede Kamerlid"",,http://twitter.com/MHilkens"
"Nick Kouwenhoven,,p,,m,woordvoerder,""Ministerie van Financien"",http://twitter.com/nickkouwenhoven"
"Nine Kooiman,,p,SP,v,""Tweede Kamerlid"",,http://twitter.com/ninekooiman"
"Norbert Klein,,p,50PLUS,m,""Tweede Kamerlid"",,http://twitter.com/Norbert_Klein"
"Nynke de Zoeten,,j,,v,""politiek verslaggever"",Nieuwsuur,http://twitter.com/nynkedezoeten"
"Odie Geerligs,,s,,v,""Woordvoerder Ministerie OCW"",,https://twitter.com/OdieGeerligs"
"Ockje Tellegen,,p,VVD,v,""Tweede Kamerlid"",,http://twitter.com/ockjetellegen"
"Otwin van Dijk,,p,PvdA,m,""Tweede Kamerlid"",,http://twitter.com/Pilotwin"
Parlement,,o,,,,,http://twitter.com/parlement
"Paul Kubben,,p,PvdA,,beleidsadviseur,""ministerie Veiligheid en Justitie"",http://twitter.com/paulkubben"
Paul Romer,,j,,m,Voorzitter,NTR,http://twitter.com/RomerPaul
"Paul Ulenbelt,,p,SP,m,""Tweede Kamerlid"",,http://twitter.com/paululenbelt"
"Paul van Meenen,,p,D66,m,""Tweede Kamerlid"",,http://twitter.com/Paul_van_Meenen"
"Paulus Jansen,,p,SP,m,""Tweede Kamerlid"",,http://twitter.com/paulusjansensp"
"Peter Kee,,j,,m,""politiek redacteur"",""Pauw en Witteman"",http://twitter.com/drskee"
"Peter Middendorp,,j,,m,columnist,""De Volkskrant"",http://twitter.com/petermiddendorp"
"Peter Oskam,,p,CDA,m,""Tweede Kamerlid"",,http://twitter.com/peteroskamCDA"
"Peter van der Meersch,,j,,m,hoofdredacteur,""NRC Handelsblad"",http://twitter.com/pvdmeersch"
"Peter Wierenga,,j,,m,""politiek columnist"",""De nieuwe pers"",http:/twitter.com/peterwierenga"
Philippe Remarque,,j,,m,hoofdredacteur,Volkskrant,http://twitter.com/phremarque
"Pia Dijkstra,,p,D66,v,""Tweede Kamerlid"",,http://twitter.com/piadijkstra"
"Pierre Heijnen,,p,PvdA,m,""Tweede Kamerlid"",,http://twitter.com/pierreheijnen"
"Pieter Duisenberg,,p,VVD,m,""Tweede Kamerlid"",,http://twitter.com/Pduisenberg"
"Pieter Heerma,,p,CDA,M,""Tweede Kamerlid"",,http://twitter.com/PieterHeerma"
"Pieter Litjens,,p,VVD,m,""Tweede Kamerlid"",,http://twitter.com/PieterLitjens"
"Pieter Omtzigt,,p,CDA,m,""Tweede Kamerlid"",,http://twitter.com/pieteromtzigt"
Pieter Paul Slikker,,s,PvdA,m,Campagnemanager,,http://twitter.com/ppslikker
"Politiebond,,o,,,,""Politievakbond ACP"",http://twitter.com/politiebond"
Politieke Barometer,,o,,,opiniepeilingen,Synovate,http://twitter.com/politieke_b
PvdA,,o,,,,,http://twitter.com/pvda
PvdD,,o,,,,,http://twitter.com/partijvddieren
PVV,,o,,,,,http://twitter.com/pvv
Raad van State,,o,,,,,http://twitter.com/raadvanstate
"Raymond de Roon,,p,PVV,m,""Tweede Kamerlid"",,http://twitter.com/rderoonpvv"
"Raymond Knops,,p,CDA,m,""Tweede Kamerlid"",,http://twitter.com/RaymondKnops"
"Reijer Zwaan,,j,,m,""parlementair verslaggever"",Nieuwsuur,http://twitter.com/reijerzwaan"
"Reinette Klever,,p,PVV,v,""Tweede Kamerlid"",,http://twitter.com/rjklever"
"Remco Dijkstra,,p,VVD,m,""Tweede Kamerlid"",,http://twitter.com/remcovvd"
"Remco Meijer,,j,,m,""parlementair verslaggever"",Volkskrant,http://twitter.com/remcovk"
"Remko Dolstra,,s,,m,""Directeur Communicatie"",""Ministerie Financien"",http://twitter.com/dolstra"
"Rene Cuperus,,j,m,,columnist,""De volkskrant"",http://twitter.com/renecuperus"
"Rene Leegte,,p,VVD,m,""Tweede Kamerlid"",,http://twitter.com/reneleegte"
Rene Paas,,,o,m,Voorzitter,DIVOSA,http://twitter.com/renepaas
"Renske Leijten,,p,SP,v,""Tweede Kamerlid"",,http://twitter.com/renskeleijten"
"Rick Jongker,,p,PvdA,m,voorzitter,""Jonge Socialisten"",http://twitter.com/jonkerrick"
Rik van de Westelaken,,j,,m,presentator,NOS,http://twitter.com/rikvdwestelaken
"Rinke van den Brink,,j,,v,""verslaggever gezondheidszorg"",NOS,http://twitter.com/rinkenos"
"Roald van der Linde,,p,VVD,m,""Tweede Kamerlid"",,http://twitter.com/RoaldLinde"
Rob Hoogland,,j,,m,columnist,Telegraaf,http://twitter.com/rhoogland
"Rob Wijnberg,,j,,m,journalist,""De Groene"",http://twitter.com/robwijnberg"
"Robbert Baruch,,s,PvdA,m,""Manager Lobbyist"",,http://twitter.com/rbaruch"
"Roel Kuiper,,p,ChristenUnie,m,""Eerste Kamerlid"",,http://twitter.com/roel_kuiper"
"Roelf Jan Duin,,j,,m,""politiek verslaggever"",Novum,http://twitter.com/rjduin"
"Roelof Bisschop,,p,SGP,m,""Tweede Kamerlid"",,http://twitter.com/BisschopRoelof"
"Roelof van Laar,,p,PvdA,m,""Tweede Kamerlid"",,http://twitter.com/Roelof"
"Roger van Boxtel,,p,D66,m,""Eerste Kamerlid"",,http://twitter.com/rogervanboxtel"
"Roland Strijker,,j,,m,onderzoeker,""RTL Nieuws"",http://twitter.com/rolandrtl"
"Ron Fresen,,j,,m,""Politiek Verslaggever"",NOS,http://twitter.com/ronfresen"
"Ronald Plasterk,,p,PvdA,m, Minister ""Binnenlandse Zaken en Koninkrijksrelaties"",,https://twitter.com/Rplasterk"
"Ronald van Geenen,,j,,m,""nieuwschef"",AD,http://twitter.com/ronaldvangeenen"
"Ronald Vuijk,,p,VVD,m,""Tweede Kamerlid"",,http://twitter.com/RonaldVuijk"
"RooD,,,,,""politieke jongerenorganisatie SP"",SP,https://twitter.com/ROODjong"
"Roos Vermeij,,p,PvdA,v,""Tweede Kamerlid"",,http://twitter.com/roosvermeij"
"Roy Kramer,,s,D66,m,""Hoofd voorlichting"",,http://twitter.com/royovitz"
Rutger Castricum,,j,,m,verslaggever,Powned,http://twitter.com/rutger_zelf
Ruth Peetoom,,p,CDA,v,voorzitter,,http://twitter.com/ruthpeetoom
Saar van Bueren,,s,PvdA,v,Pervoorlichter,,http://twitter.com/saravanbuer
"Sacha Louwhoff,,s,,v,""Woordvoerder ministerie Defensie"",,http://twitter.com/Sascha_Louwhoff"
"Sadet Karabulut,,p,SP,v,""Tweede Kamerlid"",,http://twitter.com/SadetKarabulut"
"Sander Dekker,,p,VVD,m,Staatssecretaris""Onderwijs Cultuur en Wetenschap"",,https://twitter.com/SanderDekker"
"Sander de Rouwe,,p,CDA,m,""Tweede Kamerlid"",,http://twitter.com/sanderderouwe"
"Sebastiaan Meijer,,j,,m,""parlementair verslaggever"",NOS,http://twitter.com/Sebastiaan_M"
"Selcuk Ozturk,,p,PvdA,m,""Tweede Kamerlid"",,http://twitter.com/SelcukPvdA"
SGP,,o,,,,,http://twitter.com/sgpnieuws
"Sharon Dijksma,,p,PvdA,v,staatssecretaris""Economische Zaken"",,http://twitter.com/sharon_dijksma"
Sheila Sitalsing,,j,,v,columnist,Volkskrant,http://twitter.com/sheilasitalsing
"Siebe Sietsma,,j,,m,onderzoeker,""RTL Nieuws"",http://twitter.com/siebesietsma"
"Simon Geleijnse,,s,50PLUS,m,""Persvoorlichter"",,https://twitter.com/Sgeleijnse"
"Simon den Haak,,s,PvdA,m,""Politiek Secretaris Samsom"",,http://twitter.com/simondenhaak"
"Sjoera Dikkers,,p,PvdA,v,""Tweede Kamerlid"",,http://twitter.com/sjoeradikkers"
"Sjoerd Potters,,p,VVD,m,""Tweede Kamerlid"",,http://twitter.com/SjoerdPotters"
"Sjoerd Sjoerdsma,,p,D66,m,""Tweede Kamerlid"",,http://twitter.com/swsjoerdsma"
"Sjuul Paradijs,,o,,m,""hoofdredacteur"",Telegraaf,https://twitter.com/Sparadijs"
Sophie in 't Veld,,p,D66,v,parlementarier,,http://twitter.com/sophieintveld
SP,,o,,,,,http://twitter.com/spnl
"Stef Blok,,p,VVD,m,minister""Wonen en Rijksdienst"",,https://twitter.com/stefblokVVD"
Stephan Koole,,s,m,,VWS,,http://twitter.com/stephankoole
Stephan Okhuijsen,,j,,m,blogger,Sargasso,http://twitter.com/steeph
"Steven Schoppert,,j,,m,""parlementair verslaggever"",""RTL Nieuws"",http://twitter.com/schoppertrtl"
"Steven van Weyenberg,,p,D66,m,""Tweede Kamerlid"",,http://twitter.com/svanweyenberg"
"Stientje van Veldhoven,,p,D66,v,""Tweede Kamerlid"",,http://twitter.com/svveldhoven"
"Sultan Gunal-Gezer,,p,PvdA,v,""Tweede Kamerlid"",,http://twitter.com/SultanGunal"
"Sybrand van haersma Buma,,p,CDA,m,""Tweede Kamerlid"",,http://twitter.com/sybrandbuma"
Syp Wynia,,j,,,journalist,Elsevier,http://twitter.com/sypwynia
Sywert van Lienden,,j,,m,journalist,BNN Today,http://twitter.com/sywert
"Tamara Venrooy,,p,VVD,v,""Tweede Kamerlid"",,http://twitter.com/tamara_venrooy"
"Tanja Jadnanansing,,p,PvdA,v,""Tweede Kamerlid"",,http://twitter.com/tanjajad"
Thijs Berman,,p,PvdA,m,parlementarier,,http://twitter.com/thijsberman
"Thijs Niemantsverdriet,,j,,m,""politiek verslaggever"",""Vrij Nederland"",http://twitter.com/thijsniemant"
"Thom de Graaf,,p,D66,m,""Eerste Kamerlid"",,http://twitter.com/thdegraaf"
Tijs van den Brink,,j,,m,presentator,EO,http://twitter.com/tijsvandenbrink
"Tjeerd van Dekken,,p,PvdA,m,""Tweede Kamerlid"",,http://twitter.com/tjeerdvd"
"Tof Thissen,,p,GroenLinks,m,""Eerste Kamerlid"",,http://twitter.com/tofthissen"
"Tom Jan Meeus,,j,,m,""politiek verslaggever"",""NRC Handelsblad"",http://twitter.com/tomjanmeeus"
"Ton Elias,,p,VVD,m,""Tweede Kamerlid"",,http://twitter.com/tonelias"
"Tunahan Kuzu,,p,PvdA,m,""Tweede Kamerlid"",,http://twitter.com/tunahankuzu"
Twan Huijs,,j,,m,presentator,Nieuwsuur,http://twitter.com/twanhuijs
"Tweede Kamer,,o,,,,""Tweede Kamer"",https://twitter.com/2eKamertweets"
"Vera Bergkamp,,p,D66,v,""Tweede Kamerlid"",,http://twitter.com/Vera_Bergkamp"
Vincent Rietbergen,,j,,m,verslaggever,NOS,http://twitter.com/rietbergen
VVD,,o,,,,,http://twitter.com/vvd
50PLUS,,o,,,,,http://twitter.com/50pluspartij
"Wassila Hachchi,,p,D66,v,""Tweede Kamerlid"",,http://twitter.com/wassilahachchi"
"Wieland van Dijk,,j,,m,""chef redactie"",Nrc.nl,http://twitter.com/wieland"
"Wilco Boom,,j,,m,""parlementair verslaggever"",NOS,http://twitter.com/wilcoboom"
Willem Lust,,j,,m,verslaggever,Nieuwsuur,http://twitter.com/wlust
"Willem Schoonen,,o,,m,""Hoofdredacteur"",Trouw,https://twitter.com/willemschoonen"
Willem Vermeend,,o,,,hoogleraar,,http://twitter.com/willemvermeend
Wolter Hamelink,,s,,,,,http://twitter.com/knilemah
Wouke van Scherrenburg,,j,,v,journalist,zelfstandige,http://twitter.com/woukevscherrenb
"Wouter Bax,,j,,m,Hoofdredacteur,""nu.nl"",http://twitter.com/Wout_r"
"Wouter de Winther,,j,,m,""Chef parlementaire Redactie"",Telegraaf,http://twitter.com/wouterdewinther"
"Wouter Koolmees,,p,D66,m,""Tweede Kamerlid"",,http://twitter.com/wkoolmees"
"WRR,,o,,,,""Wetenschappelijke Raad voor Regeringsbeleid"",http://twitter.com/wrrdenktank"
Xander van der Wulp,,j,,,,NOS,http://twitter.com/xandervdwulp
GPD Politiek,,,,,,,http://twitter.com/gpdpolitiek
Binnenhoftv,,,,,,,http://twitter.com/binnenhoftv
De Vijfde Dag,,,,,,,http://twitter.com/devijfdedag
Dit is de Dag,,,,,,,http://twitter.com/ditisdedag
NOS Journaal,,,,,,,http://twitter.com/nosnieuws
NOS Radio 1,,,,,,,http://twitter.com/nosradio1
Nieuwsuur,,,,,,,https://twitter.com/Nieuwsuur
Dwdd,,,,,,,https://twitter.com/dwdd
Knevel en van de Brink,,,,,,,https://twitter.com/KvdBtv
Pauw en Witteman,,,,,,,https://twitter.com/pauwenwitteman
RTL Research,,,,,,,http://twitter.com/rtlresearch
Telegraaf,,,,,,,http://twitter.com/telegraaf
Algemeen Dagblad,,,,,,,https://twitter.com/Adnl
NRC Handelsblad,,,,,,,https://twitter.com/nrc
Trouw,,,,,,,https://twitter.com/trouw
Metro,,,,,,,https://twitter.com/Metro
Volkskrant,,,,,,,http://twitter.com/volkskrant
FD,,,,,,,http://twitter.com/FD_Nieuws
Tros Kamerbreed,,,,,,,http://twitter.com/tros_kamerbreed
BNR,,,,,,,http://twitter.com/bnr
Ruttesrapport,,,,,,,http://twitter.com/ruttesrapport
Vrij Nederland,,,,,,,http://twitter.com/vrij_nederland
"Remco Dolstra,,s,,m,""Directeur Communicatie Ministerie Financien"",,http://twitter.com/dolstra"
"Felix Rottenberg,,p,PvdA,M,""allround PvdA denker"",,http://twitter.com/felixrottenberg"
"Kees Berghuis,,j,,m,""chef politieke redactie"", ""rtl nieuws"",http://twitter.com/keesberghuis"
"Lianne Raap,http://www.linkedin.com/pub/sherlo-esajas/6/515/960,s,PvdA,V,""Adviseur Lodewijk Asscher"",,http://twitter.com/lianneraap"
"Sherlo Esajas,http://www.linkedin.com/pub/sherlo-esajas/6/515/960,,PvdA,M,""Adviseur Jeroen Dijsselbloem"",,http://twitter.com/sesajas"
"Rob Meines,http://www.linkedin.com/profile/view?id=9991858&authType=name&authToken=fXdn&locale=en_US&pvs=pp&trk=ppro_viewmore,s,,,Directeur,""Meines en Partner"",http://twitter.com/robmeines"
"SGP Jongeren,,,SGP,,""politieke jongerenorganisatie SGP"",SGP,https://twitter.com/SGPJ"
"Sander Kok,,o,SGP,M,""secretaris SGP jongeren"",,https://twitter.com/SanderKok"
"Tineke Morren,,,SGP,V,""voorzitter organisatie SGP jongeren"",,https://twitter.com/tinekemorren"
"Martin de Jong,,,SGP,M,""voorzitter politiek SGP jongeren"",,http://twitter.com/martindejong91"
"Korstiaan van Vliet,,,SGP,M,""communicatie SGP jongeren"",,https://twitter.com/korstiaanvvliet"
"Leendert van Beek,,,SGP,M,hoofdredacteur,""In Contact SGP Jongeren"",https://twitter.com/LeendertvanBeek"
"Jonge Democraten,,,,,""politieke jongerenorganisatie D66"",""Jonge Democraten"",https://twitter.com/JongeDemocraten"
"Wieke Timmermans,,,D66,V,""voorzitter Jonge Democraten"",,http://twitter.com/__Wieke__"
"Mathijs Kleijnen,,,D66,M,""secretaris Jonge Democraten"",,https://twitter.com/Mathijs5"
"Martine Luijten,,,D66,V,""persvoorlichter Jonge Democraten"",,https://twitter.com/LuijtenMartine"
"Susanne Schilderman,,,D66,V,""bestuurslid Jonge Democraten"",,https://twitter.com/S_Schilderman"
"Jarico Vos,,,VVD,M,""voorzitter JOVD"",,https://twitter.com/jaricovos"
"JOVD,,,,,""politieke jongerenorganisatie VVD"",VVD,https://twitter.com/JOVD"
"Jorik Kuipers,,,VVD,M,""voorlichter JOVD"",,https://twitter.com/JorikKuipers"
"Rianne van Houten,,,VVD,M,""bestuurslid JOVD"",,https://twitter.com/RiannevanHouten"
"Eddie FÃ¶rster,,,VVD,M,""bestuurslid JOVD"",,https://twitter.com/EddieForster"
"ROOD,,,,,""politieke jongerenorganisatie SP"",SP,https://twitter.com/ROODjong"
"Lieke Smits,,,SP,v,""voorzitter ROOD"",,http://twitter.com/lieke_smits"
"Rachel Cummings,,,SP,v,""bestuurslid ROOD"",,https://twitter.com/rjcummins"
"Eduard van Scheltinga,,,SP,M,""bestuurslid ROOD"",,https://twitter.com/evanscheltinga"
"Merel Stoop,,,SP,v,""Bestuurslid Rood"",,https://twitter.com/merelstoop"
"CDJA,,,,,""politieke jongerenorganisatie CDA"",CDA,https://twitter.com/CDJA"
"Julius Terpstra,,,CDA,M,""Voorzitter CDJA"",,https://twitter.com/JHTerpstra"
"Hans van de Heuvel,,,CDA,M,""Bestuurslid CDJA"",,https://twitter.com/HeuvelVdHans"
"Lotte Schipper,,,CDA,V,""Secretaris CDJA"",,https://twitter.com/lotte_schipper"
"Matthijs Groot,,,CDA,M,""Bestuurslid CDJA"",,http://twitter.com/Matthijs_Groot"
"Arjen Looijenga,,,CDA,M,""Penningmeester CDJA"",,https://twitter.com/ArjenLooijenga"
"Maarten Ooijen,,,CU,M,""Voorzitter PerspectieF"",,https://twitter.com/MaartenOoijen"
"PerspectieF,,,,,""politieke jongerenorganisatie Christenunie"",CU,https://twitter.com/PerspectieF"
"Maarten de Snoo,,,CU,M,""Bestuurslid PerspectieF"",,https://twitter.com/amdesnoo"
"Hilbert Hunink,,,CU,M,""Bestuurslid PerspectieF"",,https://twitter.com/HilbertHunink"
"Erik Jan Hakvoort,,,CU,M,""Bestuurslid PerspectieF"",,https://twitter.com/HJHakvoort"
"Jonge Socialisten,,,,,""Politieke jongerenoranisatie PvdA"",PvdA,https://twitter.com/jspvda"
"Toon Geenen,,,PvdA,M,""Voorzitter Jonge Socialisaten"",,https://twitter.com/toongeenen"
"Rosa Kindt,,,PvdA,V,""Penningmeester Jonge Socialisaten"",,https://twitter.com/RosaKindt"
"Laura Pierik,,,PvdA,V,""Bestuurslid Jonge Socialisaten"",,https://twitter.com/LauraPierik"
"Lukas Roorda,,,PvdA,M,""Bestuurslid Jonge Socialisaten"",,https://twitter.com/Lroorda"
"Robert Steenbergen,,,PvdA,M,""Bestuurslid Jonge Socialisaten"",,https://twitter.com/rsteenbergen"
"Victor Strengers,,,PvdA,M,""Bestuurslid Jonge Socialisten"",,https://twitter.com/VictorStrengers"
"Mariska Kortie,,,GroenLinks,V,""Penningmeester DWARS"",,https://twitter.com/mkortie"
"DWARS,,,,,""Politieke jongerenoranisatie GroenLinks"",,https://twitter.com/DWARS"
"Leon Vermeulen,,,GroenLinks,M,""Bestuurslid DWARS"",,https://twitter.com/LeonVermeulen90"
"Folko de Haan,,,GroenLinks,M,""Bestuurslid DWARS"",,https://twitter.com/F0lk0"
"Ashley North,,,GroenLinks,M,""Voorzitter DWARS"",,https://twitter.com/AshleyNorth91"
"Max Tollenaar,,,Groenlinks,M,""Bestuurslid DWARS"",,https://twitter.com/maxtollenaar"
"Anne Zeven,,,GroenLinks,V,""Bestuurslid DWARS"",,https://twitter.com/AnneZeven"
"Tim Endeveld,,,GroenLinks,M,""Bestuurslid DWARS"",,https://twitter.com/TimEndeveld"
"PINK!,,,,,""Politieke jongerenoranisatie Partij voor de Dieren"",PvdD,https://twitter.com/pinkpolitiek"
"Pablo Moleman,,,PvdD,M,""Voorzitter Pink!"",,https://twitter.com/dolendedodo"
"Joost Leuven,,,PvdD,M,""Bestuurslid Pink!"",,https://twitter.com/JoostLeuven"
"Corinne Brouwer,,,PvdD,V,""Bestuurslid Pink!"",,https://twitter.com/corinnebrouwer"
"Merijn van Rossum,,,PvdD,M,""Bestuurslid Pink!"",,https://twitter.com/ImaginedByMe"
